环片号码,管理行程,记录日期,记录时刻,土仓内土压(左),后筒体俯仰角,回转角,螺旋机回转速度,千斤顶总推力,推力指数,刀盘回转速度,刀盘马达总扭距,扭矩指数,螺旋机扭距,推进速度,能耗,贯入度,地表变形
5,551,2014-10-12,10:02:06,0.01,-0.13,-0.11,0.8,2612,486.4603121,0.36,1290,5.572942946,2.04,43,2380.062084,0.119444444,0.09
6,19,2014-10-13,9:05:51,0.06,-0.24,-0.16,0,0,0,0,0,0,1.78,0,#DIV/0!,#DIV/0!,-7.934
7,1499,2014-10-13,14:49:56,0.12,-0.15,-0.04,0.2,18599,3463.887958,1.1,2794,12.0703896,2,13,50796.7212,0.011818182,-15.958
8,1570,2014-10-14,4:42:09,0.13,-0.17,-0.31,0.8,21115,3932.469177,1.1,3797,16.40346075,2.18,9,99192.57264,0.008181818,-23.982
9,1487,2014-10-14,10:25:42,0.13,-0.12,0.11,0.3,18288,3405.967147,1.1,3780,16.33001886,2.04,24,37382.27502,0.021818182,-32.006
10,1519,2014-10-14,18:03:33,0.16,-0.12,0.24,0.5,19538,3638.767833,1.1,4105,17.73405488,1.97,13,74368.38594,0.011818182,-40.03
11,1516,2014-10-15,2:48:41,0.13,-0.14,0.05,0.4,19350,3603.754609,1.1,4239,18.31294973,1.97,10,99602.3746,0.009090909,-39.728
12,1442,2014-10-15,13:41:37,0.15,-0.19,0.21,0.5,17266,3215.629307,0.68,3420,14.77477897,2.11,14,35833.51521,0.020588235,-39.426
13,61,2014-10-16,17:50:28,0.15,-0.25,0.14,0.2,19855,3697.806086,0.7,3336,14.41188966,8.63,8,62613.21058,0.011428571,-39.124
14,1503,2014-10-16,21:47:07,0.19,-0.23,-0.19,1.4,22177,4130.256639,0.7,3586,15.49191737,2.15,13,41724.29991,0.018571429,-38.822
15,1361,2014-10-17,22:06:38,0.17,-0.2,-0.19,0.7,20950,3901.739487,0.7,3418,14.76613875,1.97,12,43017.81888,0.017142857,-38.52
16,221,2014-10-18,1:49:03,0.19,-0.16,0.03,1.9,22476,4185.942563,0.72,3941,17.0255567,27.88,17,36179.04107,0.023611111,-36.92
17,240,2014-10-19,8:42:14,0.19,-0.12,0.38,1.9,22631,4214.809848,0.71,3941,17.0255567,15.58,17,35692.34014,0.023943662,-35.32
18,248,2014-10-19,9:58:18,0.19,-0.14,0.38,1.9,22631,4214.809848,0.71,3941,17.0255567,2,17,35692.34014,0.023943662,-33.72
19,1496,2014-10-19,10:54:59,0.2,-0.18,-0.3,0.3,21932,4084.627705,0.7,3418,14.76613875,8.04,29,18248.6403,0.041428571,-32.12
20,1604,2014-10-19,14:20:25,0.24,-0.14,-0.54,2.8,22012,4099.526949,0.7,3784,16.34729931,2.18,29,20126.05472,0.041428571,-30.52
21,1508,2014-10-19,17:20:37,0.25,-0.14,0.02,2.3,21213,3950.720751,0.7,3480,15.03398562,2,33,16381.29806,0.047142857,-29.828
22,1506,2014-10-19,19:16:51,0.22,-0.02,-0.59,2,20974,3906.20926,0.7,3493,15.09014706,2.22,31,17446.12727,0.044285714,-29.136
23,1395,2014-10-19,22:19:30,0.23,-0.05,0.02,0.9,20412,3801.542072,0.71,3153,13.62130939,2.26,32,15534.9141,0.045070423,-28.444
24,1663,2014-10-20,2:07:08,0.2,-0.03,-0.08,0.7,21086,3927.068201,1.02,2539,10.96876135,2.29,20,28190.56824,0.019607843,-27.752
25,1522,2014-10-20,4:35:12,0.22,0,0.53,3.9,20836,3880.508064,0.7,3162,13.66019038,2.22,29,16900.33259,0.041428571,-27.06
26,1555,2014-10-20,8:43:07,0.19,0.08,0.33,1.3,20127,3748.463515,0.7,3122,13.48738595,2.11,27,17856.03604,0.038571429,-26.814
27,1513,2014-10-20,13:42:03,0.22,-0.14,-0.06,1.5,19779,3683.651805,0.7,3879,16.75770983,2.07,21,28106.29764,0.03,-26.568
28,1489,2014-10-20,16:49:00,0.23,-0.12,0.4,0.8,21772,4054.829217,0.7,4093,17.68221355,2.26,21,29687.36269,0.03,-26.322
29,1443,2014-10-21,5:06:28,0.17,0,0.11,0.1,22504,4191.157299,0.81,2640,11.40509254,2.33,10,46138.08942,0.012345679,-26.076
30,1546,2014-10-21,11:35:36,0.21,-0.15,0.15,0.8,21621,4026.706895,0.7,4281,18.49439438,2.22,15,43124.66645,0.021428571,-25.83
31,1532,2014-10-21,17:50:55,0.22,-0.11,-0.12,0.8,23098,4301.784184,0.7,4086,17.65197277,2.15,13,47468.60128,0.018571429,-25.51
32,1624,2014-10-23,23:01:55,0.19,-0.02,-0.23,0.5,22933,4271.054494,0.7,3050,13.17633797,2.15,17,27425.22189,0.024285714,-25.19
33,1508,2014-10-24,8:21:51,0.19,0.09,0.32,0.6,23154,4312.213655,0.7,3575,15.44439615,2.22,10,53886.39512,0.014285714,-24.87
34,1489,2014-10-24,19:10:23,0.21,0.14,-0.17,0.1,19676,3664.469028,0.93,4019,17.36252535,2.04,14,57318.28446,0.015053763,-24.55
35,1475,2014-10-25,0:14:29,0.21,0.19,0.26,0.1,20917,3895.593549,1.1,4140,17.88525876,2.18,14,69733.67288,0.012727273,-24.23
36,1579,2014-10-25,17:12:14,0.18,-0.11,-0.34,0.1,24004,4470.518121,0.9,3370,14.55877343,2.15,10,65172.53085,0.011111111,-24.642
37,1518,2014-10-25,21:34:27,0.19,-0.31,0.18,0.1,22989,4281.483965,0.7,3791,16.37754008,2.18,13,44094.14169,0.018571429,-25.054
38,1519,2014-10-26,0:45:57,0.19,-0.4,-0.44,1.4,20878,3888.330167,0.7,3712,16.03625133,2.15,23,24678.97491,0.032857143,-25.466
39,1556,2014-10-26,4:13:15,0.23,-0.38,-0.05,1.6,21669,4035.646441,0.7,3561,15.3839146,2.11,26,21076.83999,0.037142857,-25.878
40,1512,2014-10-26,7:54:44,0.22,-0.15,-0.12,1.7,19453,3622.937386,0.7,3487,15.0642264,2.15,21,25322.48508,0.03,-26.29
41,1513,2014-10-26,12:45:45,0.22,-0.09,-0.33,4.5,20495,3817.000037,0.7,3551,15.34071349,2.11,35,15763.25161,0.05,-25.51
42,1511,2014-10-26,14:45:15,0.26,-0.07,0.47,4.5,20975,3906.3955,0.7,3710,16.02761111,2.11,35,16454.27923,0.05,-24.73
43,1558,2014-10-26,17:05:58,0.18,-0.11,0.03,3.3,20970,3905.464298,0.7,3784,16.34729931,2.11,38,15500.30985,0.054285714,-23.95
44,1524,2014-10-26,20:16:20,0.2,-0.09,-0.06,3.1,20119,3746.973591,0.7,3645,15.7468039,2.07,37,15313.29179,0.052857143,-23.17
45,1555,2014-10-26,22:48:51,0.23,-0.14,0.33,0.7,16981,3162.550751,0.7,3533,15.26295149,6.41,35,15568.11868,0.05,-22.39
46,1509,2014-10-27,1:33:43,0.22,-0.27,-0.18,0.4,16865,3140.946847,0.7,3418,14.76613875,2,36,14673.17864,0.051428571,-22.708
47,1558,2014-10-27,15:00:10,0.22,-0.22,0.38,1.7,19182,3572.466197,0.7,3420,14.77477897,2.11,38,14017.00996,0.054285714,-23.026
48,1507,2014-10-27,17:23:03,0.21,-0.19,0.87,0.1,17485,3256.415987,0.7,3525,15.22839061,2.11,35,15551.19644,0.05,-23.344
49,1501,2014-10-28,7:25:10,0.19,-0.22,-0.15,0.2,20030,3730.398182,1.05,3944,17.03851704,1.82,44,20649.06201,0.041904762,-23.662
50,1554,2014-10-28,13:11:04,0.21,-0.14,-0.37,1.9,20329,3786.084106,1.1,3418,14.76613875,2.07,34,24152.92573,0.030909091,-23.98
51,1514,2014-10-28,15:26:16,0.22,-0.11,0.07,0.7,19596,3649.569784,1.1,3455,14.92598285,2.15,35,23704.46295,0.031818182,-23.786
52,1517,2014-10-28,18:17:29,0.2,-0.05,-0.59,1.3,18377,3422.542556,1.1,3952,17.07307792,2.07,33,28575.28615,0.03,-23.592
53,1439,2014-10-28,20:53:18,0.25,-0.03,0.22,4.5,19317,3597.608671,1.1,4203,18.15742574,2.07,37,27168.46003,0.033636364,-23.398
54,1611,2014-10-29,0:09:44,0.2,-0.06,-0.55,1.6,20287,3778.262003,1.1,4297,18.56351615,2.11,34,30186.20935,0.030909091,-23.204
55,1544,2014-10-29,2:31:43,0.22,-0.07,0.56,0.9,19644,3658.509331,1.1,4489,19.39297743,2.07,34,31482.64245,0.030909091,-23.01
56,1909,2014-10-29,8:04:45,0.18,-0.09,0.24,0.1,16396,3053.60003,1.1,4249,18.35615083,1.82,41,24744.74827,0.037272727,-23.314
57,1561,2014-10-29,14:10:09,0.21,-0.17,0.58,0.3,19335,3600.961001,1.1,4305,18.59807704,2.07,29,35304.76188,0.026363636,-23.618
58,1508,2014-10-29,17:03:25,0.21,-0.22,0.5,0.2,21215,3951.093232,1.1,4046,17.47916834,2.04,23,41779.23003,0.020909091,-23.922
59,1568,2014-11-5,9:11:22,0.19,-0.22,-0.19,0.2,22575,4204.380378,1.1,4400,19.00848757,1.82,20,52116.14876,0.018181818,-24.226
63,5,2014-11-7,17:01:16,0.12,-0.23,-0.41,0,0,0,0,0,0,1.97,0,#DIV/0!,#DIV/0!,-20.06
64,1494,2014-11-7,19:04:05,0.21,-0.33,-0.1,1.3,24328,4530.860059,0.7,4259,18.39935194,1.97,19,34119.07005,0.027142857,-18.57
65,1512,2014-11-7,23:48:22,0.2,-0.35,0.06,0.7,25256,4703.691288,0.71,3484,15.05126606,2.26,11,48573.03944,0.015492958,-17.08
66,1545,2014-11-8,8:51:39,0.18,-0.29,-0.11,0.4,26176,4875.032592,1.01,3810,16.45962219,2.04,9,91615.78787,0.008910891,-15.874
67,1517,2014-11-8,12:13:38,0.2,-0.28,0.26,0.2,24491,4561.217268,1.04,4005,17.3020438,2.04,17,52819.99925,0.016346154,-14.668
68,1536,2014-11-8,15:09:25,0.2,-0.26,-0.02,0.2,21416,3988.527582,1.1,4047,17.48348845,7.86,19,50443.01607,0.017272727,-13.462
69,1604,2014-11-8,19:50:46,0.21,-0.31,-0.17,0.3,23207,4322.084404,1.1,3872,16.72746906,5.68,20,45975.1047,0.018181818,-12.256
70,1515,2014-11-8,22:34:31,0.22,-0.24,0.34,0.3,23092,4300.666741,1.1,3838,16.58058529,2.11,27,33961.11004,0.024545455,-11.05
71,1549,2014-11-9,0:46:02,0.21,-0.18,-0.4,0.2,19320,3598.167393,1.1,3848,16.6237864,5.61,36,25603.28723,0.032727273,-11.026
72,1510,2014-11-9,2:59:01,0.26,-0.16,0.13,4.7,19945,3714.567736,1.1,3427,14.80501975,2.04,35,23529.51643,0.031818182,-11.002
73,1532,2014-11-9,5:22:16,0.22,-0.12,-0.34,2.8,20276,3776.213357,1.1,3078,13.29730107,5.97,33,22457.24887,0.03,-10.978
74,1528,2014-11-9,8:51:28,0.23,-0.09,0.08,2.2,20443,3807.315529,1.1,2794,12.0703896,1.97,29,23179.99451,0.026363636,-10.954
75,1510,2014-11-9,11:30:05,0.21,0,-0.12,0.4,17166,3197.005252,1.1,3368,14.55013321,2.07,31,25940.45919,0.028181818,-10.93
76,1507,2014-11-9,15:47:05,0.22,0.01,0.32,0.6,17500,3259.209595,1.1,3365,14.53717288,2.07,32,25137.34877,0.029090909,-11.296
77,1602,2014-11-9,20:05:41,0.22,0.03,0.46,0.3,19099,3557.008232,1.1,4124,17.81613698,2.04,39,25328.47898,0.035454545,-11.662
78,1522,2014-11-9,23:03:52,0.19,0.03,-0.35,0.8,19153,3567.065221,1.1,3634,15.69928269,1.93,22,39204.62621,0.02,-12.028
79,1635,2014-11-10,1:35:38,0.26,0.08,0.24,4.3,18433,3432.972027,1.1,3421,14.77909908,2.11,31,26382.35178,0.028181818,-12.394
80,1494,2014-11-10,3:45:48,0.22,0.04,-0.16,2.4,18832,3507.282005,1.1,3828,16.53738418,2.04,37,24786.28559,0.033636364,-12.76
81,1488,2014-11-10,5:52:39,0.25,0.04,-0.16,4.9,19145,3565.575297,1.1,4026,17.39276612,2,37,26045.99704,0.033636364,-12.614
82,1510,2014-11-10,12:57:04,0.23,0.03,0.33,2.2,17123,3188.996908,1.1,3539,15.28887216,2.04,31,27226.60436,0.028181818,-12.468
83,1480,2014-11-10,15:59:10,0.2,-0.02,-0.12,0.8,17434,3246.917719,1.1,3737,16.1442541,2.11,31,28728.01631,0.028181818,-12.322
84,1621,2014-11-10,21:00:36,0.23,-0.05,0.27,2.9,18765,3494.803889,1.1,3929,16.97371537,2.04,36,26109.73806,0.032727273,-12.176
85,1505,2014-11-10,23:15:23,0.21,-0.09,-0.2,2.2,19233,3581.964465,1.1,3714,16.04489155,2.04,39,22879.05989,0.035454545,-12.03
86,1550,2014-11-11,1:54:18,0.25,-0.23,-0.28,4.3,19042,3546.392521,1.1,3712,16.03625133,2.15,40,22305.20549,0.036363636,-12.254
87,1557,2014-11-11,4:19:53,0.24,-0.29,-0.46,5.1,19098,3556.821991,1.1,3521,15.21111016,2.04,37,22858.48363,0.033636364,-12.478
88,1496,2014-11-11,22:37:22,0.26,-0.25,0.09,3.7,17051,3175.587589,1.1,3449,14.90006219,2.04,32,25734.91547,0.029090909,-12.702
89,1494,2014-11-12,4:15:30,0.22,-0.34,0.22,2.9,17624,3282.303423,1.1,3644,15.74248379,6.81,32,27176.70626,0.029090909,-12.926
90,1530,2014-11-12,8:19:11,0.17,-0.33,-0.59,2.8,19717,3672.104891,1.1,4285,18.51167482,6.01,36,28450.21278,0.032727273,-13.15
91,1597,2014-11-12,14:40:04,0.27,-0.27,0.11,5.1,20523,3822.214773,1.1,3999,17.27612313,2.04,38,25258.30936,0.034545455,-13.976
92,1508,2014-11-12,16:44:30,0.24,-0.37,-0.19,5.3,20500,3817.93124,1.1,3927,16.96507515,1.97,40,23609.12714,0.036363636,-14.802
93,1538,2014-11-12,19:12:01,0.25,-0.45,-0.28,5.1,20600,3836.555295,1.1,4024,17.3841259,1.97,39,24780.67474,0.035454545,-15.628
94,1513,2014-11-12,21:52:52,0.25,-0.52,-0.58,4.5,20375,3794.651171,1.1,3696,15.96712956,6.3,35,25338.07823,0.031818182,-16.454
95,1553,2014-11-13,0:40:52,0.24,-0.55,-0.09,3.3,20009,3726.487131,1.1,3710,16.02761111,8.01,35,25419.08063,0.031818182,-17.28
96,1535,2014-11-13,2:49:10,0.25,-0.54,-0.25,3.9,20915,3895.221068,1.1,3745,16.17881499,2.11,35,25683.11897,0.031818182,-17.424
97,1522,2014-11-13,4:56:06,0.23,-0.53,-0.41,1.1,20868,3886.467762,1.1,3726,16.09673288,2.04,32,27884.47197,0.029090909,-17.568
98,1577,2014-11-13,9:55:31,0.25,-0.56,0.27,3.4,23265,4332.886356,1.1,4311,18.6239977,5.42,31,33247.16137,0.028181818,-17.712
99,1444,2014-11-13,15:19:54,0.22,-0.48,-0.26,1.3,23563,4388.386039,1.1,4486,19.3800171,1.97,31,34574.94832,0.028181818,-17.856
100,1927,2014-11-15,0:15:52,0.18,-0.63,-0.21,0.3,20498,3817.558759,0.9,3732,16.12265354,2.04,33,22291.12901,0.036666667,-18
101,1487,2014-11-15,5:15:06,0.21,-0.66,-0.09,0.2,25458,4741.311878,1.09,4603,19.88547006,2.22,10,107328.6341,0.009174312,-18.254
102,1567,2014-11-15,14:03:26,0.2,-0.7,0.17,0.2,25291,4710.209707,1.1,4469,19.30657521,2.04,9,116762.6904,0.008181818,-18.508
103,1544,2014-11-15,17:46:52,0.2,-0.73,-0.23,0.4,23913,4453.570231,1.1,4446,19.20721266,2.11,17,61855.33119,0.015454545,-18.762
104,1536,2014-11-15,23:54:04,0.2,-0.73,0.35,0.4,22313,4155.585354,1.1,4852,20.96117765,5.79,17,67375.9863,0.015454545,-19.016
105,1553,2014-11-16,5:48:23,0.19,-0.7,0.02,0.3,21222,3952.396916,1.1,4720,20.39092303,7.61,13,85468.05054,0.011818182,-19.27
106,1525,2014-11-16,20:55:23,0.17,-0.74,0.02,0.5,20946,3900.994525,0.81,4344,18.76656136,6.92,16,47374.58229,0.019753086,-18.56
107,1540,2014-11-17,1:41:51,0.15,-0.79,0.37,0.9,20307,3781.986814,0.7,4499,19.43617854,6.99,13,52093.37921,0.018571429,-17.85
108,1525,2014-11-17,5:54:22,0.16,-0.85,-0.04,0.6,20492,3816.441316,0.7,4549,19.65218408,2,13,52670.94848,0.018571429,-17.14
109,1493,2014-11-17,11:59:53,0.16,-0.87,0.25,1.4,21613,4025.21697,0.72,4476,19.33681599,4.33,15,46321.88363,0.020833333,-16.43
110,1549,2014-11-17,16:47:37,0.15,-1.01,0.2,0.8,20866,3886.095281,0.71,4507,19.47073942,2.04,15,45974.79969,0.021126761,-15.72
111,1547,2014-11-17,21:37:35,0.17,-1,-0.36,0.6,22080,4112.191306,0.7,4567,19.72994607,5.75,12,57278.96464,0.017142857,-15.164
112,1529,2014-11-18,3:11:39,0.18,-0.91,-0.09,0.6,23170,4315.193504,1.05,4480,19.35409643,2.15,11,91529.00383,0.01047619,-14.608
113,1567,2014-11-18,10:51:54,0.16,-0.92,0.46,0.9,20992,3909.56159,0.7,4134,17.85933809,2.04,13,47945.90397,0.018571429,-14.052
114,1524,2014-11-18,14:26:32,0.15,-1.01,0.35,0.9,22455,4182.031512,0.7,4426,19.12081045,1.97,18,37283.76092,0.025714286,-13.496
115,1506,2014-11-18,17:34:51,0.16,-1.12,-0.12,1.2,20871,3887.026483,0.7,4302,18.58511671,7.43,20,32656.77252,0.028571429,-12.94
116,1553,2014-11-18,22:21:27,0.17,-1.03,0.12,0.8,20979,3907.140463,0.7,4558,19.69106507,7.57,18,38323.19932,0.025714286,-13.766
117,1515,2014-11-19,1:20:10,0.17,-0.95,-0.32,0.8,21911,4080.716654,0.7,4266,18.42959272,2.15,19,34092.12486,0.027142857,-14.592
118,1530,2014-11-19,5:39:15,0.17,-0.91,-0.38,1.3,22323,4157.44776,0.7,4735,20.45572469,7.5,17,42127.81166,0.024285714,-15.418
119,1514,2014-11-19,15:58:48,0.16,-1.03,-0.18,0.8,22942,4272.730659,0.74,4050,17.49644878,2,16,40523.65218,0.021621622,-16.244
120,1560,2014-11-19,21:17:25,0.16,-1.19,-0.43,0.9,22192,4133.050248,0.7,4251,18.36479106,7.79,16,40215.813,0.022857143,-17.07
121,1537,2014-11-20,1:05:46,0.17,-1.33,0.25,1.5,20310,3782.545536,0.7,4247,18.34751061,1.97,17,37795.74256,0.024285714,-17.2
122,1539,2014-11-20,4:32:09,0.16,-1.42,0.05,2.1,18944,3528.140947,0.7,4004,17.29772369,1.89,25,24430.72298,0.035714286,-17.33
123,1508,2014-11-21,19:17:56,0.21,-1.47,0.14,1.4,21412,3987.78262,0.7,4361,18.84000324,1.86,18,36712.11336,0.025714286,-17.46
124,1572,2014-11-22,12:51:08,0.17,-1.59,-0.33,0.7,23302,4339.777256,0.7,4330,18.70607981,6.01,13,50263.52655,0.018571429,-17.59
125,1491,2014-11-22,18:10:11,0.2,-1.53,-0.01,0.5,22037,4104.182963,0.7,4411,19.05600879,6.95,12,55346.45668,0.017142857,-17.72
126,1529,2014-11-23,1:45:07,0.19,-1.48,0.25,0.5,21149,3938.801356,0.7,4387,18.95232613,2.04,11,59956.1592,0.015714286,-18.548
127,1561,2014-11-23,9:28:35,0.18,-1.52,-0.23,0.5,20668,3849.219652,0.82,4233,18.28702906,2.18,10,74355.60755,0.012195122,-19.376
128,1536,2014-11-23,15:55:41,0.16,-1.45,-0.18,1.1,23154,4312.213655,0.85,4282,18.49871449,2.11,16,49054.77887,0.018823529,-20.204
129,1465,2014-11-24,0:17:20,0.18,-1.4,0,0.5,21250,3957.611651,1,4430,19.13809089,2.15,16,59471.98548,0.016,-21.032
130,169,2014-11-25,11:52:16,0.13,-1.39,-0.06,0.1,23261,4332.141394,0.3,4148,17.91981964,2.11,4,66802.61454,0.013333333,-21.86
131,1487,2014-11-26,3:45:57,0.16,-1.31,-0.03,0.5,22837,4253.175401,0.3,4242,18.32591006,1.97,7,39350.3305,0.023333333,-23.416
132,1539,2014-11-26,11:35:12,0.18,-1.33,0.31,0.6,23047,4292.285916,0.3,3941,17.0255567,2.07,9,28655.27934,0.03,-24.972
133,1535,2014-11-26,17:58:46,0.18,-1.32,0.05,0.5,23030,4289.119827,0.38,3974,17.16812036,2.04,12,27482.63234,0.031578947,-26.528
134,1566,2014-11-26,21:52:55,0.19,-1.27,0.18,0.6,19129,3562.595448,0.59,3816,16.48554285,2,25,19756.94577,0.042372881,-28.084
135,1537,2014-11-27,0:24:19,0.21,-1.31,0.14,0.2,21734,4047.752077,0.7,3758,16.23497643,1.89,29,19983.48478,0.041428571,-29.64
136,1524,2014-11-27,3:20:54,0.22,-1.3,-0.15,0.2,22884,4261.928707,0.75,3331,14.39028911,2.11,26,21163.19271,0.034666667,-29.65
137,1560,2014-11-27,5:27:11,0.23,-1.26,-0.25,0.1,22549,4199.538123,0.7,3716,16.05353177,1.93,36,16094.84677,0.051428571,-29.66
138,1550,2014-11-27,9:32:25,0.23,-1.3,-0.13,1.1,22135,4122.434536,0.7,3612,15.60424025,2.07,30,18632.49085,0.042857143,-29.67
139,1532,2014-11-27,14:48:20,0.23,-1.3,-0.04,2.3,22230,4140.127389,0.7,3908,16.88299305,1.93,28,21483.47652,0.04,-29.68
140,1528,2014-11-28,0:08:42,0.23,-1.27,-0.43,0.7,20537,3824.82214,0.7,3956,17.09035837,1.97,27,22458.20876,0.038571429,-29.69
141,1509,2014-11-30,8:00:12,0.22,-1.34,-0.05,2.9,22338,4160.241368,0.7,3991,17.24156224,1.89,22,27701.80479,0.031428571,-28.398
142,1516,2014-12-3,4:03:19,0.24,-1.38,0.01,0.3,22329,4158.565203,0.7,3828,16.53738418,5.24,17,34202.825,0.024285714,-27.106
143,1467,2014-12-3,11:57:27,0.22,-1.28,0.48,0.6,20398,3798.934704,0.7,3711,16.03193122,2.04,26,21890.86943,0.037142857,-25.814
144,1595,2014-12-3,14:38:54,0.19,-1.2,-0.33,1.1,19728,3674.153537,0.7,4118,17.79021632,2.04,35,18143.72593,0.05,-24.522
145,1540,2014-12-3,22:06:54,0.24,-1.26,0.03,2,20203,3762.617797,0.7,4341,18.75360103,2,36,18594.44059,0.051428571,-23.23
146,1555,2014-12-4,0:59:15,0.23,-1.31,-0.04,2.4,20174,3757.216821,0.7,4286,18.51599493,6.26,31,21218.91278,0.044285714,-22.074
147,1523,2014-12-4,3:57:57,0.22,-1.29,-0.13,0.9,17422,3244.682832,0.7,4312,18.62831781,2.04,32,20604.8242,0.045714286,-20.918
148,1492,2014-12-4,6:24:58,0.24,-1.34,0.07,3,20675,3850.523336,0.7,4300,18.57647649,5.93,31,21302.92558,0.044285714,-19.762
149,1571,2014-12-4,11:15:06,0.21,-1.3,-0.36,1.4,18849,3510.448095,0.7,3861,16.67994784,2.07,30,19754.35986,0.042857143,-18.606
150,1543,2014-12-5,6:07:12,0.23,-1.34,-0.15,0.8,22126,4120.758372,0.7,4265,18.42527261,1.89,32,20545.60227,0.045714286,-17.45
151,1496,2014-12-5,9:18:56,0.23,-1.37,0.4,2.5,20144,3751.629605,0.7,4193,18.11422463,1.97,28,22924.94208,0.04,-16.894
152,1543,2014-12-5,12:48:35,0.19,-1.29,0.19,1.5,19850,3696.874884,0.7,4169,18.01054197,2.11,28,22787.68539,0.04,-16.338
153,1542,2014-12-5,16:26:34,0.2,-1.27,0.03,1.8,19433,3619.212575,0.7,4067,17.56989067,5.35,29,21488.481,0.041428571,-15.782
154,1496,2014-12-5,19:16:27,0.22,-1.25,-0.14,2.5,18484,3442.470295,0.7,3756,16.2263362,1.93,33,17531.44105,0.047142857,-15.226
155,1557,2014-12-5,21:32:21,0.21,-1.42,-0.73,1.4,18042,3360.151972,0.7,3700,15.98441,1.97,35,16312.73116,0.05,-14.67
156,1528,2014-12-6,0:00:07,0.25,-1.42,0.02,1.1,18178,3385.480687,0.7,3290,14.21316457,2.04,36,14189.39367,0.051428571,-14.396
157,1546,2014-12-6,6:02:04,0.23,-1.33,0.4,1.4,18909,3521.622528,0.7,3615,15.61720058,1.97,37,15151.96536,0.052857143,-14.122
158,1536,2014-12-6,9:30:46,0.18,-1.33,0.25,0.2,20370,3793.719969,0.7,3782,16.33865909,1.93,30,19414.59267,0.042857143,-13.848
159,1530,2014-12-7,1:46:53,0.2,-1.33,0.37,0.9,19381,3609.528066,0.7,3585,15.48759726,2,33,16792.02984,0.047142857,-13.574
160,1551,2014-12-7,3:49:50,0.2,-1.27,0.54,0.1,17875,3329.049801,0.7,3725,16.09241277,2.04,35,16413.19008,0.05,-13.3
161,1545,2014-12-7,5:51:12,0.18,-1.27,-0.25,0,18160,3382.128357,0.7,3562,15.38823471,1.97,39,14180.53307,0.055714286,-13.654
162,1420,2014-12-7,9:41:04,0.26,-1.22,0.39,4.4,19845,3695.943681,0.7,3638,15.71656313,1.82,36,15681.63497,0.051428571,-14.008
163,1640,2014-12-7,12:38:08,0.2,-1.17,0.52,1.4,19522,3635.787984,0.7,4145,17.90685931,2.04,31,20521.25177,0.044285714,-14.362
164,1514,2014-12-7,15:00:12,0.19,-1.19,-0.29,0.8,17773,3310.053265,0.7,3347,14.45941088,2,31,16638.37598,0.044285714,-14.716
165,1507,2014-12-7,17:18:31,0.24,-1.15,0.32,2.8,19795,3686.631653,0.7,3637,15.71224302,2.04,31,18096.29312,0.044285714,-15.07
166,1545,2014-12-7,21:29:15,0.19,-1.15,0.36,0.5,19730,3674.526018,0.7,4129,17.83773754,1.82,32,19833.33399,0.045714286,-14.234
167,1544,2014-12-7,23:44:08,0.22,-1.19,-0.03,0.5,18524,3449.919917,0.7,3543,15.3061526,2.04,33,16574.01712,0.047142857,-13.398
168,1520,2014-12-8,1:49:05,0.21,-1.15,-0.48,1.1,19641,3657.950609,0.7,3843,16.60218584,5.42,34,17453.37054,0.048571429,-12.562
169,1535,2014-12-8,5:17:57,0.26,-1.13,-0.52,2.7,20089,3741.386375,0.7,4015,17.3452449,2.11,30,20558.77912,0.042857143,-11.726
170,1557,2014-12-9,2:40:54,0.23,-1.09,-0.32,0.5,16729,3115.618132,0.7,3582,15.47463692,2.04,28,19568.13409,0.04,-10.89
171,1479,2014-12-9,14:45:28,0.25,-1.13,-0.12,2.6,18305,3409.133236,0.7,4224,18.24814806,1.89,32,20226.16875,0.045714286,-10.7
172,1515,2014-12-9,17:22:42,0.23,-1.21,0.11,0.7,17883,3330.539725,0.7,4276,18.47279383,2.07,32,20453.29106,0.045714286,-10.51
173,1585,2014-12-9,21:08:38,0.21,-1.21,-0.55,0.2,17088,3182.478489,0.7,4241,18.32158995,2.11,29,22300.4986,0.041428571,-10.32
174,1550,2014-12-9,23:22:03,0.24,-1.21,0.36,0.8,19417,3616.232726,0.7,4021,17.37116557,2.07,30,20565.7805,0.042857143,-10.13
175,1529,2014-12-10,1:54:49,0.19,-1.19,-0.32,0.2,18911,3521.995009,0.7,4216,18.21358718,2.04,31,20840.8165,0.044285714,-9.94
176,1535,2014-12-10,3:50:06,0.23,-1.3,-0.58,2.9,17982,3348.977539,0.7,3592,15.51783803,2.07,38,14648.81258,0.054285714,-9.766
177,1515,2014-12-10,5:37:19,0.25,-1.35,-0.09,1.8,17805,3316.012962,0.7,2888,12.47648002,1.97,41,11064.84061,0.058571429,-9.592
178,1493,2014-12-10,9:22:04,0.23,-1.33,0.42,0.5,18818,3504.674638,0.7,4269,18.44255305,5.9,39,16895.57953,0.055714286,-9.418
179,1543,2014-12-10,13:12:17,0.2,-1.34,-0.03,0.1,19688,3666.703915,0.7,4155,17.95006042,7.03,30,21238.42839,0.042857143,-9.244
180,1489,2014-12-10,15:50:42,0.25,-1.35,-0.12,2,18807,3502.625992,0.7,4457,19.25473388,2.04,30,22703.98877,0.042857143,-9.07
181,1582,2014-12-10,18:28:59,0.24,-1.38,0.03,0.5,21150,3938.987596,0.7,4472,19.31953554,1.97,32,21473.50834,0.045714286,-9.392
182,1579,2014-12-10,22:39:55,0.23,-1.34,0.35,1.9,21499,4003.985548,0.7,4250,18.36047094,2.04,28,23273.11858,0.04,-9.714
183,1518,2014-12-11,1:15:28,0.19,-1.29,-0.38,0.3,21691,4039.743733,0.7,4073,17.59581133,2.07,29,21595.51274,0.041428571,-10.036
184,1555,2014-12-11,3:24:18,0.23,-1.27,-0.59,0.7,20762,3866.726264,0.7,4067,17.56989067,1.97,31,20189.39932,0.044285714,-10.358
185,1536,2014-12-11,5:46:28,0.25,-1.3,0.24,0.5,21568,4016.836146,0.7,4311,18.6239977,5.17,28,23599.06098,0.04,-10.68
186,1499,2014-12-11,10:02:30,0.23,-1.28,0.14,0.8,21779,4056.132901,0.7,4202,18.15310563,5.35,21,30458.60652,0.03,-11.108
187,1542,2014-12-11,13:42:56,0.22,-1.26,-0.26,0.4,21655,4033.039073,0.7,3924,16.95211482,1.89,21,28487.99423,0.03,-11.536
188,1539,2014-12-11,16:00:25,0.24,-1.22,0.18,0.2,19664,3662.234142,0.7,3967,17.13787959,2.07,32,19079.10645,0.045714286,-11.964
189,1520,2014-12-11,19:16:21,0.22,-1.33,-0.23,0.5,20958,3903.229411,0.7,4226,18.25678829,2,33,19730.64656,0.047142857,-12.392
190,1515,2014-12-11,22:46:44,0.25,-1.3,-0.27,0.4,22064,4109.211458,0.7,4377,18.90912502,1.93,29,23165.25373,0.041428571,-12.82
191,1553,2014-12-12,1:26:55,0.26,-1.32,0.01,1.4,20415,3802.100793,0.7,4327,18.69311948,2,29,22853.42524,0.041428571,-12.756
192,1531,2014-12-12,3:56:24,0.23,-1.34,-0.09,0.5,20179,3758.148024,0.7,4335,18.72768036,5.86,29,22886.42799,0.041428571,-12.692
193,1523,2014-12-12,6:01:16,0.25,-1.2,-0.04,1.3,21915,4081.461616,0.7,4357,18.8227228,2.15,30,22313.8671,0.042857143,-12.628
194,1574,2014-12-12,9:33:57,0.24,-1.19,0.3,0.3,21124,3934.145342,0.7,4086,17.65197277,2.07,27,23193.24929,0.038571429,-12.564
195,1543,2014-12-12,12:54:20,0.22,-1.31,-0.23,0.4,21094,3928.558126,0.7,4048,17.48780856,6.41,28,22187.80405,0.04,-12.5
196,1533,2014-12-12,16:43:00,0.24,-1.12,0.15,0.9,20054,3734.867955,0.7,4093,17.68221355,2.04,31,20290.05989,0.044285714,-11.97
197,1510,2014-12-12,20:08:44,0.22,-1.14,-0.06,0.2,22018,4100.644392,0.7,4109,17.75133532,5.61,24,26175.74389,0.034285714,-11.44
198,1508,2014-12-12,23:24:07,0.24,-1.04,0.28,1.2,21009,3912.727679,0.7,4378,18.91344513,2.07,28,23935.61357,0.04,-10.91
199,1492,2014-12-13,1:26:41,0.22,-1.03,0.39,0.2,21029,3916.45249,1.1,4172,18.0235023,5.61,30,33172.10797,0.027272727,-10.38
200,1461,2014-12-13,3:44:22,0.21,-1.09,-0.06,0.2,19799,3687.376616,0.71,4162,17.98030119,5.46,33,19671.03473,0.046478873,-9.85
201,1534,2014-12-13,10:14:18,0.24,-1.2,-0.52,0.1,19267,3588.296644,0.7,3895,16.82683161,1.93,31,19314.7103,0.044285714,-10.114
202,1511,2014-12-13,13:04:21,0.29,-1.19,0.12,0.1,19988,3722.576079,0.7,3512,15.17222917,1.86,33,16483.94619,0.047142857,-10.378
203,1587,2014-12-13,20:07:47,0.25,-1.19,0.08,0,20204,3762.804038,0.7,3298,14.24772545,1.97,34,15091.3426,0.048571429,-10.642
204,1511,2014-12-14,0:02:22,0.24,-1.2,-0.32,1.2,21869,4072.894551,0.7,3691,15.945529,2.11,26,21826.31153,0.037142857,-10.906
205,1559,2014-12-14,3:16:25,0.3,-1.18,-0.12,3,20862,3885.350318,0.7,3647,15.75544413,1.97,26,21540.90464,0.037142857,-11.17
206,1470,2014-12-14,6:38:06,0.27,-1.17,-0.14,0.9,20216,3765.038924,0.7,3543,15.3061526,2.04,26,20924.90527,0.037142857,-10.304
207,1585,2014-12-14,22:42:49,0.27,-1.12,0.34,1.8,21483,4001.005699,0.7,3438,14.85254097,1.97,25,21153.51036,0.035714286,-9.438
208,81,2014-12-14,21:27:39,0.25,-1.17,0.13,0.2,20350,3789.995158,0.7,3511,15.16790906,23.59,26,20746.61141,0.037142857,-8.572
209,1579,2014-12-15,1:18:21,0.23,-1.1,0.35,0.1,21581,4019.257273,0.7,3898,16.83979194,2.07,26,22999.20823,0.037142857,-7.706
210,1556,2014-12-15,4:49:50,0.24,-1.19,-0.32,0.1,19062,3550.117332,0.7,4146,17.91117942,2,31,20510.49988,0.044285714,-6.84
211,1444,2014-12-15,9:02:22,0.28,-1.19,-0.46,0.5,19525,3636.346705,0.7,4194,18.11854474,2,27,23733.38916,0.038571429,-7.468
212,1528,2014-12-15,13:10:49,0.28,-1.19,0.31,0.9,20506,3819.048683,0.7,4157,17.95870064,5.68,29,21985.73267,0.041428571,-8.096
213,1545,2014-12-15,18:38:11,0.25,-1.28,0.48,1.3,19071,3551.793496,0.7,4360,18.83568313,1.97,25,26550.26227,0.035714286,-8.724
214,1424,2014-12-15,22:41:46,0.23,-1.2,0.59,0.7,19267,3588.296644,0.7,4263,18.41663239,1.93,21,30805.20613,0.03,-9.352
215,1696,2014-12-16,2:31:32,0.23,-1.18,-0.19,0.7,20378,3795.209893,0.7,4466,19.29361488,2.04,21,32278.65996,0.03,-9.98
216,1508,2014-12-16,4:55:05,0.26,-1.17,0.34,0.2,20646,3845.12236,0.7,4315,18.64127815,2.07,29,22799.76488,0.041428571,-10.458
217,1528,2014-12-16,21:46:39,0.23,-1.09,0.49,0.3,21343,3974.932022,0.7,4006,17.30636391,5.61,20,30474.28978,0.028571429,-10.936
218,1526,2014-12-17,0:32:06,0.25,-1.08,0.56,0.2,20497,3817.372518,0.7,4069,17.57853089,5.57,24,25876.77751,0.034285714,-11.414
219,1530,2014-12-17,4:07:10,0.25,-1.11,0.05,0.2,22414,4174.395649,0.7,4127,17.82909731,7.9,24,26300.53191,0.034285714,-11.892
220,1473,2014-12-17,7:33:00,0.26,-1.09,-0.2,1.1,23974,4464.930905,0.7,3972,17.15948014,2.04,19,31863.33182,0.027142857,-12.37
221,1540,2014-12-17,10:36:20,0.28,-1.12,-0.3,0.5,24638,4588.594629,0.7,3948,17.05579748,2.11,18,33412.89175,0.025714286,-13.494
222,1505,2014-12-17,14:42:11,0.28,-1.17,-0.24,1.5,23376,4353.559057,0.7,3694,15.95848933,2,18,31274.14584,0.025714286,-14.618
223,1520,2014-12-17,21:23:51,0.29,-1.21,0.13,1.4,25845,4813.386971,0.7,3825,16.52442385,2.11,16,36384.30028,0.022857143,-15.742
224,1544,2014-12-18,15:19:02,0.23,-1.19,0.28,0.1,27700,5158.863188,0.5,2994,12.93441177,2.22,9,36232.56721,0.018,-16.866
225,1902,2014-12-18,22:40:08,0.14,-1.22,-0.07,1.1,22148,4124.855664,0.38,2731,11.79822262,1.93,27,8904.720026,0.071052632,-17.99
226,1535,2014-12-19,3:54:54,0.22,-1.27,0.2,1,27959,5207.09949,0.7,2896,12.51104091,2.18,10,43962.70943,0.014285714,-17.152
227,1496,2014-12-19,6:17:02,0.2,-1.18,0.18,2.9,26246,4888.06943,0.7,3928,16.96939526,2.04,23,26255.37151,0.032857143,-16.314
228,1600,2014-12-19,10:50:19,0.19,-1.18,0.25,2.1,23426,4362.871084,0.7,3762,16.25225687,2.04,24,24075.64107,0.034285714,-15.476
229,1504,2014-12-19,16:01:29,0.21,-1.12,0.27,1.7,23338,4346.481916,0.7,3953,17.07739803,2.07,23,26318.56841,0.032857143,-14.638
230,1531,2014-12-20,11:47:10,0.23,-1,0.36,0.4,20776,3869.333631,0.7,3600,15.55239892,1.93,21,26166.49095,0.03,-13.8
231,1578,2014-12-20,14:56:14,0.22,-0.82,0.27,0.6,21073,3924.647074,0.7,3669,15.85048656,2.07,30,18878.83654,0.042857143,-13.042
232,1510,2014-12-20,21:31:41,0.2,-0.72,0.33,1.1,21671,4036.018922,0.7,3959,17.1033187,5.82,27,22513.03185,0.038571429,-12.284
233,1511,2014-12-21,1:09:21,0.22,-0.82,0.39,2,21286,3964.316311,0.7,3827,16.53306407,2.07,27,21773.81383,0.038571429,-11.526
234,1507,2014-12-21,3:59:14,0.19,-0.91,0.19,2.1,21485,4001.37818,0.7,3996,17.2631628,2,27,22710.30533,0.038571429,-10.768
235,1592,2014-12-21,11:13:25,0.24,-1.13,-0.12,1.3,21535,4010.690207,0.7,3584,15.48327714,2,30,18473.57676,0.042857143,-10.01
236,1421,2014-12-28,22:59:40,0.25,-1.11,0.38,1.3,21627,4027.824338,0.7,3660,15.81160557,2.04,22,25442.88751,0.031428571,-11.098
237,1604,2014-12-29,3:19:45,0.19,-1.23,-0.02,2.3,21575,4018.139829,0.7,4087,17.65629288,5.57,16,38672.40173,0.022857143,-12.186
238,1163,2014-12-29,19:45:27,0.21,-1.3,-0.28,2.8,21146,3938.242634,0.7,4308,18.61103737,1.89,19,34394.63271,0.027142857,-13.274
239,381,2014-12-29,22:08:50,0.28,-1.31,0.15,3.4,21744,4049.614482,0.7,4010,17.32364435,52.78,23,26632.83401,0.032857143,-14.362
240,386,2014-12-30,8:03:57,0.28,-1.25,0.46,3.4,21744,4049.614482,0.7,4010,17.32364435,2,23,26632.83401,0.032857143,-15.45
241,1538,2014-12-30,9:48:47,0.22,-1.24,0.46,0.9,20194,3760.941632,0.7,3698,15.97576978,1.93,28,20300.60905,0.04,-14.534
242,1518,2014-12-30,12:09:28,0.2,-1.21,-0.4,0.2,20149,3752.560808,0.7,3531,15.25431127,2.04,34,16107.43845,0.048571429,-13.618
243,1533,2014-12-30,14:25:15,0.28,-1.2,0.26,0.7,19777,3683.279324,0.7,3154,13.6256295,2.11,35,14054.09157,0.05,-12.702
244,1543,2014-12-30,17:29:22,0.24,-1.23,0.01,0.1,21571,4017.394867,0.7,3297,14.24340534,2.04,41,12673.89925,0.058571429,-11.786
245,1508,2014-12-30,21:39:54,0.24,-1.3,0.06,0.1,22723,4231.943979,0.7,2463,10.64043293,2.18,24,16012.01331,0.034285714,-10.87
246,1524,2014-12-31,0:38:46,0.24,-1.44,-0.19,0.1,23445,4366.409655,0.7,2749,11.87598462,6.92,30,14403.67825,0.042857143,-10.796
247,1520,2014-12-31,4:37:29,0.25,-1.4,-0.15,0,21874,4073.825753,0.7,2824,12.19999293,2.04,33,13450.7849,0.047142857,-10.722
248,1523,2014-12-31,9:40:27,0.27,-1.31,0.31,0.5,20321,3784.594182,0.7,3180,13.73795238,1.97,40,12495.79901,0.057142857,-10.648
249,1524,2014-12-31,14:46:02,0.23,-1.26,0.35,0,20299,3780.49689,0.7,3382,14.61061476,6.44,43,12368.96705,0.061428571,-10.574
250,1497,2014-12-31,17:14:33,0.21,-1.17,-0.3,0,21143,3937.683913,0.7,3148,13.59970883,1.93,32,15327.31801,0.045714286,-10.5
251,1557,2014-12-31,21:43:12,0.26,-0.99,0.07,0.8,22977,4279.249078,0.7,3012,13.01217376,2.07,29,16204.35362,0.041428571,-10.46
252,1514,2015-1-1,0:54:53,0.21,-0.98,-0.08,0.5,23017,4286.6987,0.7,3612,15.60424025,1.97,29,19279.00228,0.041428571,-10.42
253,1504,2015-1-1,5:37:00,0.26,-0.93,-0.15,0.7,22973,4278.504116,0.7,3343,14.44213044,1.89,27,19168.05301,0.038571429,-10.38
254,567,2015-1-1,17:14:46,0.28,-0.96,0.22,0.5,22639,4216.299773,0.7,3609,15.59127992,1.93,22,25132.73446,0.031428571,-10.34
255,1532,2015-1-2,4:41:29,0.24,-0.96,-0.07,1.4,25204,4694.006779,0.7,3464,14.96486385,1.93,27,19909.13075,0.038571429,-10.3
256,1544,2015-1-2,10:48:00,0.27,-0.98,0.33,1.7,22550,4199.724364,0.7,3407,14.71861753,1.93,26,20226.77957,0.037142857,-10.26
257,1528,2015-1-2,13:39:59,0.2,-0.99,0.29,2.5,22160,4127.09055,0.7,3558,15.37095426,2,28,19624.32756,0.04,-10.22
258,1535,2015-1-2,17:41:57,0.23,-0.96,0.01,2.2,21807,4061.347637,0.7,3278,14.16132324,2.11,28,18126.97264,0.04,-10.18
259,1533,2015-1-2,22:06:10,0.25,-0.97,0.16,1.1,19964,3718.106306,0.7,2793,12.06606949,1.97,27,16040.50802,0.038571429,-10.14
260,1527,2015-1-3,1:27:54,0.2,-1.07,0.09,0.9,20589,3834.506649,0.7,2528,10.92124013,5.97,26,15138.631,0.037142857,-10.1
261,1531,2015-1-3,4:39:28,0.22,-1.12,-0.2,0.2,19465,3625.172273,0.7,2582,11.15452611,6.19,28,14355.48861,0.04,-10.534
262,1516,2015-1-3,11:35:35,0.28,-1.1,0.2,2.4,19696,3668.193839,0.7,2918,12.60608335,1.93,27,16719.14982,0.038571429,-10.968
263,1516,2015-1-3,16:04:00,0.25,-1.03,0.39,2,20232,3768.018773,0.7,2939,12.69680567,4.51,27,16852.79469,0.038571429,-11.402
264,1519,2015-1-3,18:48:31,0.22,-1.07,0.52,0.4,21322,3971.020971,0.7,3032,13.09857598,2.07,33,14368.40167,0.047142857,-11.836
265,1539,2015-1-3,23:30:51,0.18,-1.14,-0.04,0,21223,3952.583156,0.7,3112,13.44418484,2.04,38,12881.99862,0.054285714,-12.27
266,1522,2015-1-4,3:04:11,0.21,-1.19,0,0,19727,3673.967296,0.7,2882,12.45055936,2.04,34,13257.76107,0.048571429,-12.9636
267,1525,2015-1-4,5:32:36,0.26,-1.23,0.45,0.1,20087,3741.013894,0.7,2868,12.3900778,4.08,35,12850.76062,0.05,-13.6572
268,1520,2015-1-4,10:16:55,0.2,-1.28,0.59,1.9,19680,3665.21399,0.7,3749,16.19609543,1.82,30,19227.88032,0.042857143,-14.3508
269,1504,2015-1-4,15:44:34,0.19,-1.33,0.37,3.4,20253,3771.929825,0.7,3865,16.69722828,2.07,30,19821.6073,0.042857143,-15.0444
270,1542,2015-1-4,22:12:05,0.22,-1.37,0.63,1.8,22367,4165.642344,0.7,3203,13.83731493,1.97,23,21441.97454,0.032857143,-15.738
271,1525,2015-1-5,3:54:43,0.19,-1.41,-0.02,0.8,22565,4202.517972,0.7,3590,15.50919781,1.82,20,27425.89372,0.028571429,-16.4316
272,1523,2015-1-5,9:56:34,0.24,-1.27,0.25,0.4,23259,4331.768913,0.7,3670,15.85480667,1.82,25,22591.99831,0.035714286,-17.1252
273,1525,2015-1-5,13:16:05,0.19,-1.21,-0.34,0.1,23575,4390.620926,0.7,3653,15.78136479,5.86,25,22501.66705,0.035714286,-17.8188
274,1528,2015-1-5,21:48:01,0.26,-1.15,0.05,0.3,22963,4276.64171,0.7,3538,15.28455205,2.04,29,18898.13763,0.041428571,-18.5124
275,1527,2015-1-6,0:32:07,0.26,-1.2,-0.1,0.9,22052,4106.976571,0.7,3572,15.43143582,2.04,26,21152.62671,0.037142857,-19.206
276,1532,2015-1-6,4:38:15,0.26,-1.17,0.27,0.7,22443,4179.796625,0.7,3366,14.54149299,2.15,23,22497.25819,0.032857143,-19.8996
277,1528,2015-1-6,8:54:57,0.22,-1.17,-0.08,0.6,23332,4345.364473,0.7,4085,17.64765266,2,29,21712.42876,0.041428571,-20.5932
278,1522,2015-1-6,22:25:02,0.24,-1.17,0.17,0.5,23230,4326.367937,0.7,3338,14.42052989,2.04,20,25576.72646,0.028571429,-21.2868
279,1515,2015-1-7,3:42:34,0.24,-1.02,0.54,0.3,21035,3917.569933,0.7,2695,11.64269863,2.18,13,31504.8238,0.018571429,-21.9804
280,1467,2015-1-7,8:25:58,0.21,-1.02,-0.02,0.2,22132,4121.875815,0.7,3086,13.33186196,6.48,18,26214.66858,0.025714286,-22.674
281,1479,2015-1-7,13:12:46,0.24,-1.15,0.15,0.6,23633,4401.422878,0.7,3148,13.59970883,5.64,19,25409.74736,0.027142857,-23.3676
282,1564,2015-1-9,1:28:22,0.22,-1.14,-0.09,0.2,25340,4719.335494,0.7,2940,12.70112578,2.18,19,23841.27605,0.027142857,-24.0612
283,1525,2015-1-9,6:00:50,0.25,-1.16,0.06,0.2,24218,4510.373599,0.7,3268,14.11812213,5.97,22,22883.67783,0.031428571,-24.7548
284,1610,2015-1-9,11:50:26,0.22,-1.21,0.07,0.1,24702,4600.514024,0.7,3679,15.89368767,2.04,25,22694.23325,0.035714286,-25.4484
285,1477,2015-1-9,21:22:49,0.24,-1.31,-0.01,0.5,22690,4225.798041,0.7,4142,17.89389898,1.97,23,27517.30562,0.032857143,-26.142
286,1493,2015-1-10,0:40:49,0.25,-1.27,0.27,0.6,24617,4584.683577,0.7,4153,17.9414202,2.07,22,28872.62752,0.031428571,-26.8356
287,1513,2015-1-10,11:28:42,0.22,-1.33,0.17,0.4,22241,4142.176035,0.7,3961,17.11195892,2,19,31718.77462,0.027142857,-27.5292
288,1515,2015-1-11,15:26:03,0.19,-1.36,0.15,0.2,29608,5514.210154,0.64,2232,9.642487329,2.29,4,76782.7032,0.00625,-28.2228
289,1553,2015-1-12,8:56:02,0.14,-1.34,-0.12,0.2,27888,5193.876411,0.3,2204,9.521524226,1.89,6,24327.21076,0.02,-28.9164
290,1517,2015-1-12,19:51:42,0.19,-1.23,0.11,0.2,26701,4972.80888,0.5,2613,11.28844955,2.26,6,47109.62484,0.012,-29.61
291,1527,2015-1-13,2:43:58,0.18,-1.22,0.33,0.7,26607,4955.302268,0.7,2139,9.240717024,2.15,8,40615.6635,0.011428571,-30.3036
292,1549,2015-1-13,9:28:17,0.16,-1.22,-0.04,0.3,26465,4928.856111,0.7,2976,12.85664977,2.18,10,45100.56806,0.014285714,-30.9972
293,1560,2015-1-13,21:17:42,0.16,-1.23,-0.08,0.5,27421,5106.902075,0.7,2502,10.80891725,2.18,6,62868.86891,0.008571429,-31.6908
294,123,2015-1-14,19:25:19,0.22,-1.21,0.11,0.7,25540,4756.583603,0.7,2457,10.61451226,1.82,12,31277.12315,0.017142857,-32.3844
295,1504,2015-1-17,11:33:11,0.2,-1.19,0.05,1.1,28322,5274.704809,0.54,3608,15.5869598,1.89,9,46894.90023,0.016666667,-33.078
296,351,2015-1-20,16:39:39,0.13,-1.43,-0.17,0.4,29985,5584.422841,0.46,2312,9.988096194,2.18,2,113854.7213,0.004347826,-33.7716
297,1533,2015-1-21,3:13:50,0.14,-1.51,-0.22,1.3,29462,5487.019034,0.85,2168,9.366000237,2.15,9,44445.44915,0.010588235,-34.4652
298,1582,2015-1-21,9:41:40,0.13,-1.58,-0.14,1.3,28679,5341.192684,0.86,2992,12.92577155,2.18,12,46471.23819,0.013953488,-35.1588
299,1549,2015-1-21,16:10:54,0.18,-1.62,0.08,0.7,27705,5159.79439,0.7,2260,9.763450432,2.11,12,28911.70358,0.017142857,-35.8524
300,1537,2015-1-21,23:29:30,0.17,-1.71,-0.22,1.8,27493,5120.311394,0.7,3852,16.64106684,1.97,18,32717.13572,0.025714286,-36.546
301,1503,2015-1-22,15:27:50,0.17,-1.8,-0.37,0.6,28980,5397.25109,0.7,2907,12.55856213,1.97,10,44160.60641,0.014285714,-37.2396
302,1518,2015-1-22,20:13:40,0.25,-1.65,0.12,0.1,30700,5717.584833,0.7,3760,16.24361665,1.89,19,30433.18249,0.027142857,-37.9332
303,0,2015-1-24,1:41:47,0.15,-1.66,0.06,0,0,0,0,0,0,2.15,0,#DIV/0!,#DIV/0!,-38.6268
304,1559,2015-1-24,7:25:51,0.2,-1.52,0.21,1.2,30423,5665.996201,0.66,3764,16.26089709,1.89,16,33975.83566,0.024242424,-39.3204
305,1552,2015-1-24,12:52:49,0.2,-1.54,0.29,0.4,29920,5572.317205,0.7,4238,18.30862961,5.61,18,35984.56054,0.025714286,-40.014
306,1533,2015-1-24,17:34:47,0.19,-1.46,-0.06,0,30264,5636.383954,0.7,3754,16.21769598,5.53,16,35874.46196,0.022857143,-40.7076
307,126,2015-1-25,20:00:23,0.23,-1.32,-0.15,0.1,27660,5151.413566,0.7,2542,10.98172168,1.89,11,35261.50834,0.015714286,-41.4012
308,1484,2015-1-27,16:21:17,0.26,-1.37,0.16,0.9,32671,6084.664953,0.7,3512,15.17222917,2,13,41233.34589,0.018571429,-42.0948
309,1565,2015-1-28,0:56:19,0.23,-1.38,0.2,0.2,34447,6415.428167,0.7,2700,11.66429919,6.15,9,45726.78566,0.012857143,-42.7884
310,1535,2015-1-28,9:36:41,0.2,-1.41,0.21,0.1,33921,6317.465639,0.7,2802,12.10495049,2.11,10,42767.86663,0.014285714,-43.482
311,249,2015-1-31,12:40:35,0.09,-1.35,-0.28,0,14341,2670.875703,1.06,3063,13.23249941,1.75,40,17709.06826,0.037735849,-44.1756
312,249,2015-2-7,11:53:08,0.09,-1.57,0.1,0,14341,2670.875703,1.06,3063,13.23249941,2,40,17709.06826,0.037735849,-44.8692
313,1463,2015-2-7,16:33:48,0.2,-1.68,-0.3,0,32090,5976.459195,0.7,3642,15.73384357,2.11,17,32907.42151,0.024285714,-45.5628
314,1553,2015-2-8,0:32:52,0.26,-1.79,-0.07,0,32318,6018.92204,0.7,3144,13.58242839,6.95,17,28563.69869,0.024285714,-46.2564
315,1586,2015-2-8,8:33:50,0.27,-1.82,0.01,0,31692,5902.335456,0.7,2959,12.78320789,1.89,14,32466.44459,0.02,-46.95
316,1557,2015-2-15,17:06:09,0.22,-1.84,0.21,0,31567,5879.055388,0.66,3339,14.42485,2,13,37039.13122,0.01969697,-43.018
317,1409,2015-2-16,1:38:48,0.26,-1.71,0.24,0.8,29655,5522.96346,0.7,4205,18.16606596,2.04,20,32233.15553,0.028571429,-39.086
318,1611,2015-2-16,16:03:07,0.25,-1.56,0.32,0.1,27308,5085.856893,0.7,4010,17.32364435,2,17,35961.34807,0.024285714,-35.154
319,1542,2015-2-17,1:11:16,0.23,-1.26,0.22,0.2,28093,5232.055723,0.68,4278,18.48143405,2,20,31814.74767,0.029411765,-31.222
320,1413,2015-2-18,0:51:05,0.23,-1.18,-0.18,0.1,28792,5362.237866,0.88,4252,18.36911117,2.11,22,37064.52342,0.025,-27.29
321,1519,2015-2-18,4:55:40,0.25,-1.16,-0.1,1.9,23321,4343.315827,1.1,4158,17.96302075,7.64,34,29334.43632,0.030909091,-27.64225
322,1614,2015-2-18,13:19:53,0.26,-1.19,0.17,1.1,28133,5239.505345,0.73,3818,16.49418307,1.97,18,33808.50474,0.024657534,-27.9945
323,1447,2015-2-21,18:08:04,0.23,-1.09,-0.3,0,28398,5288.85909,0.82,3851,16.63674673,2.04,22,31418.74126,0.026829268,-28.34675
324,1479,2015-2-23,10:20:13,0.28,-1.07,-0.21,1.7,27522,5125.71237,0.89,3845,16.61082607,1.89,21,35509.60668,0.023595506,-28.699
325,1501,2015-2-23,14:16:43,0.28,-1.08,0.23,0.5,26886,5007.263381,0.75,3565,15.40119504,2.07,22,26698.4904,0.029333333,-29.05125
326,1605,2015-2-24,12:53:10,0.25,-1.12,0.01,0,27659,5151.227325,0.89,3610,15.59560003,1.89,21,33400.78674,0.023595506,-29.4035
327,1524,2015-2-25,13:42:39,0.23,-1.29,-0.18,0,28646,5335.046746,0.83,3690,15.94120889,1.93,21,31916.37516,0.025301205,-29.75575
328,1527,2015-2-26,0:37:36,0.26,-1.26,-0.2,0,28662,5338.026595,0.79,3569,15.41847548,1.93,22,28164.44911,0.027848101,-30.108
329,1545,2015-2-26,5:22:42,0.26,-1.29,-0.12,0,30006,5588.333892,0.75,3106,13.41826418,2.07,17,30092.08315,0.022666667,-30.46025
330,1565,2015-2-28,13:40:13,0.28,-1.29,0.09,0.1,31328,5834.543897,0.7,3033,13.10289609,2.11,17,27560.34978,0.024285714,-30.8125
331,1461,2015-2-28,21:26:09,0.24,-1.32,0.02,0,30372,5656.497933,0.7,2855,12.33391636,2.11,16,27531.86893,0.022857143,-31.16475
332,1554,2015-3-1,3:04:31,0.27,-1.33,0.27,0,30481,5676.798152,0.7,2803,12.1092706,2.11,18,24161.36362,0.025714286,-31.517
333,1504,2015-3-1,21:40:19,0.23,-1.43,-0.08,0,29990,5585.354043,0.7,2781,12.01422816,2.07,15,28553.18947,0.021428571,-31.86925
334,1607,2015-3-2,13:11:00,0.26,-1.34,0.05,0,29944,5576.786978,0.7,2610,11.27548922,2.04,17,23817.4922,0.024285714,-32.2215
335,1452,2015-3-2,22:59:36,0.24,-1.32,-0.09,0,29986,5584.609081,0.3,3582,15.47463692,2.11,15,16215.52287,0.05,-32.57375
336,1600,2015-3-3,4:42:22,0.26,-1.34,0.01,0,28573,5321.451186,0.65,2602,11.24092833,2.04,18,20904.40257,0.027692308,-32.926
337,1434,2015-3-3,11:26:50,0.23,-1.37,-0.06,0,28897,5381.793124,0.7,2657,11.47853442,2.11,17,24192.79048,0.024285714,-33.27825
338,1251,2015-3-3,16:54:55,0.27,-1.29,0,0,28818,5367.080121,0.7,2548,11.00764235,2.07,16,24629.19575,0.022857143,-33.6305
339,1683,2015-3-4,3:37:00,0.26,-1.27,0.15,0.8,28369,5283.458115,0.7,2544,10.9903619,1.97,15,26151.44069,0.021428571,-33.98275
340,1516,2015-3-5,1:45:31,0.22,-1.27,-0.18,0,30264,5636.383954,0.7,2698,11.65565897,2.04,16,26070.64442,0.022857143,-34.335
341,1518,2015-3-5,12:11:43,0.27,-1.32,0.11,0.2,30552,5690.021231,0.7,2600,11.23228811,2.04,16,25170.55208,0.022857143,-34.68725
342,1582,2015-3-6,1:23:30,0.23,-1.31,-0.04,0,30874,5749.990688,0.7,2778,12.00126783,2,15,28553.35166,0.021428571,-35.0395
343,1496,2015-3-6,9:24:40,0.26,-1.28,-0.09,0,29280,5453.123254,0.7,2599,11.227968,1.89,15,26726.8803,0.021428571,-35.39175
344,1418,2015-3-6,14:29:07,0.24,-1.37,-0.15,0,28810,5365.590196,0.7,2350,10.1522604,2.11,16,22790.70963,0.022857143,-35.744
345,1571,2015-3-6,23:09:51,0.25,-1.41,-0.19,0,29554,5504.153164,0.7,2542,10.98172168,2.15,16,24598.36199,0.022857143,-36.09625
346,1502,2015-3-7,4:37:43,0.25,-1.48,0.03,0,29478,5489.998883,0.7,2528,10.92124013,2.11,11,35133.88499,0.015714286,-36.4485
347,196,2015-3-7,19:33:42,0.24,-1.46,0.04,0,29211,5440.272656,0.7,1849,7.987884889,2.04,7,40223.54256,0.01,-36.80075
348,1617,2015-3-8,11:08:27,0.25,-1.51,0.06,0,30336,5649.793273,0.7,3019,13.04241454,2.11,16,29053.21505,0.022857143,-37.153
349,9,2015-3-8,20:26:41,0.23,-1.47,-0.01,0,0,0,0,0,0,2.18,0,#DIV/0!,#DIV/0!,-37.50525
350,1602,2015-3-9,9:11:23,0.25,-1.37,-0.12,0.1,30327,5648.117108,0.9,3992,17.24588236,8.63,15,51851.82657,0.016666667,-37.8575
351,1588,2015-3-10,1:37:26,0.23,-1.24,0.21,0.2,29194,5437.106567,0.9,2985,12.89553077,1.82,18,32657.90112,0.02,-38.20975
352,1463,2015-3-10,7:54:35,0.23,-1.17,0.04,0,29742,5539.166387,1.1,3576,15.44871626,7.1,19,44937.89137,0.017272727,-38.562
353,1520,2015-3-10,16:20:52,0.24,-0.99,0.03,0,29513,5496.517302,1.1,3010,13.00353354,10.37,18,40030.9747,0.016363636,-38.91425
354,1574,2015-3-11,15:43:22,0.24,-0.91,0.13,0,31112,5794.315938,1.1,2798,12.08767005,7.24,18,37335.78691,0.016363636,-39.2665
355,1556,2015-3-12,0:30:06,0.23,-1,-0.22,0,31047,5782.210303,1.1,3298,14.24772545,1.89,23,34520.09562,0.020909091,-39.61875
356,1463,2015-3-12,5:53:45,0.27,-1.03,0.13,0,30828,5741.423623,1.1,3151,13.61266916,2.07,23,33020.81024,0.020909091,-39.971
357,1548,2015-3-12,11:15:55,0.24,-0.93,0.06,0,30191,5622.788393,1.1,2777,11.99694772,7.43,20,33431.12056,0.018181818,-40.32325
358,1532,2015-3-12,18:22:35,0.23,-0.99,0.01,0,31971,5954.296569,1.1,2604,11.24956855,2.18,16,39070.10654,0.014545455,-40.6755
359,1520,2015-3-13,0:49:23,0.23,-1.05,-0.05,0,32409,6035.86993,1.1,2089,9.024711483,2.11,16,31571.56443,0.014545455,-41.02775
360,1557,2015-3-13,15:17:26,0.24,-0.98,0,0,31348,5838.268708,1.1,2063,8.912388602,2.04,16,31156.39842,0.014545455,-41.38
361,1505,2015-3-13,22:37:40,0.25,-1.03,0,0,31113,5794.502179,1.1,2134,9.21911647,2.11,21,24771.66904,0.019090909,-40.17933
362,1548,2015-3-14,3:27:08,0.25,-0.99,-0.09,0,25923,4827.913733,1.1,2752,11.88894495,2.11,31,21597.99661,0.028181818,-38.97867
363,1127,2015-3-14,9:41:51,0.26,-0.95,0,0,28020,5218.460163,1.1,2955,12.76592745,6.19,31,23197.40733,0.028181818,-37.778
364,1499,2015-3-14,22:52:33,0.26,-0.98,0.13,0,29175,5433.567996,1.1,3130,13.52194684,1.97,28,27079.32951,0.025454545,-36.57733
365,1530,2015-3-15,3:39:21,0.23,-1.1,0.13,0,28934,5388.684024,1.1,2978,12.86528999,2.11,26,27713.74392,0.023636364,-35.37667
366,1504,2015-3-15,7:54:08,0.24,-1.1,-0.02,0,26724,4977.092413,1.1,2802,12.10495049,2.11,28,24262.1111,0.025454545,-34.176
367,1057,2015-3-15,15:15:18,0.28,-1.09,0.04,0,28248,5260.923008,1.1,2603,11.24524844,2.11,20,31334.67499,0.018181818,-32.97533
368,1487,2015-3-15,19:09:51,0.24,-1.11,0,0,27563,5133.348233,1.1,2267,9.793691207,2.15,27,20530.35512,0.024545455,-31.77467
369,1565,2015-3-16,2:04:46,0.26,-1.16,-0.01,0,27465,5115.096659,1.1,1751,7.564514029,2.07,28,15525.4047,0.025454545,-30.574
370,1576,2015-3-16,5:16:08,0.25,-1.13,-0.05,0,26330,4903.713637,1.1,1784,7.707077686,2.11,29,15249.31632,0.026363636,-29.37333
371,1541,2015-3-16,21:02:13,0.26,-1.25,-0.15,0,26360,4909.300853,1.1,2046,8.838946718,1.89,26,19259.40661,0.023636364,-28.17267
372,1517,2015-3-17,2:16:54,0.29,-1.21,0.14,0,25753,4796.25284,1.1,2607,11.26252888,7.28,26,24275.47242,0.023636364,-26.972
373,1476,2015-3-18,14:25:42,0.24,-1.18,-0.09,0,26328,4903.341155,1.1,2867,12.38575769,2.07,27,25675.829,0.024545455,-25.77133
374,1477,2015-3-19,3:57:47,0.3,-1.3,0.18,0,29009,5402.652065,1.1,2977,12.86096988,1.97,24,29934.55652,0.021818182,-24.57067
375,861,2015-3-21,22:26:06,0.29,-1.27,0.08,0,30179,5620.553507,1.1,3689,15.93688878,23.22,20,44074.85984,0.018181818,-23.37
377,879,2015-3-22,7:19:01,0.29,-1.28,-0.06,0,30179,5620.553507,1.1,3689,15.93688878,2.11,20,44074.85984,0.018181818,-24.6884
378,1523,2015-3-22,15:21:13,0.25,-1.22,-0.1,0,30220,5628.189369,1.1,2636,11.3878121,2.07,25,25633.39705,0.022727273,-25.3476
379,1437,2015-3-22,23:23:31,0.28,-1.29,-0.04,0,31875,5936.417477,1.1,3015,13.02513409,2.15,31,23779.45822,0.028181818,-26.0068
380,1535,2015-3-23,6:39:08,0.27,-1.28,-0.03,0,30730,5723.172049,1.1,2845,12.29071526,1.97,29,23938.10124,0.026363636,-26.666
381,1507,2015-3-23,12:08:32,0.24,-1.3,-0.01,0,29118,5422.952285,1.1,3075,13.28434074,2.11,27,27568.33536,0.024545455,-27.3252
382,1440,2015-3-23,22:20:31,0.29,-1.3,-0.07,0,29570,5507.133013,1.1,3016,13.0294542,2.15,28,26142.30666,0.025454545,-27.9844
383,1510,2015-3-24,2:55:41,0.29,-1.29,-0.06,0,29524,5498.565948,1.1,3413,14.7445382,2.11,30,27553.52465,0.027272727,-28.6436
384,1550,2015-3-24,10:22:21,0.24,-1.32,-0.07,0,28532,5313.815324,1.1,3253,14.05332047,2.07,27,29087.40501,0.024545455,-29.3028
385,1517,2015-3-24,14:31:34,0.3,-1.3,0.28,0,29294,5455.730622,1.1,3213,13.88051603,2.15,26,29835.70437,0.023636364,-29.962
386,1374,2015-3-24,21:16:06,0.25,-1.25,0.1,0,29688,5529.109398,1.1,3783,16.3429792,7.13,27,33708.49786,0.024545455,-30.6212
387,1540,2015-3-25,2:33:11,0.25,-1.24,0.13,0,30873,5749.804447,1.1,3951,17.06875781,6.33,25,37933.57655,0.022727273,-31.2804
388,1501,2015-3-25,13:07:24,0.24,-1.24,0.18,0,31321,5833.240213,1.1,3863,16.68858806,2.07,21,43997.29216,0.019090909,-31.9396
389,1506,2015-3-25,16:51:52,0.25,-1.29,0.18,0,31049,5782.582784,1.1,3938,17.01259637,2.18,21,44821.75912,0.019090909,-32.5988
390,1551,2015-3-26,1:47:58,0.25,-1.29,0.1,0,31145,5800.461877,1.04,4307,18.60671726,9.06,21,46315.28027,0.020192308,-33.258
391,1498,2015-3-26,5:29:59,0.25,-1.24,0.13,0,31490,5864.714866,1.1,4268,18.43823294,6.63,21,48504.75569,0.019090909,-33.9172
392,1504,2015-3-26,11:23:44,0.25,-1.25,0.18,0,31129,5797.482028,1.1,4037,17.44028734,2.18,18,53403.72899,0.016363636,-34.5764
393,1502,2015-3-26,17:53:17,0.25,-1.25,0.15,0,30978,5769.359705,1.1,4022,17.37548568,2.11,16,59723.7748,0.014545455,-35.2356
394,1524,2015-3-27,2:03:17,0.24,-1.18,0.08,0.3,33009,6147.614259,1.1,4431,19.142411,8.08,17,61956.72631,0.015454545,-35.8948
395,1529,2015-3-27,10:47:01,0.25,-1.2,0.01,0.4,31101,5792.267292,1.1,3745,16.17881499,7.94,15,59329.16463,0.013636364,-36.554
396,1523,2015-3-27,22:19:28,0.27,-1.06,-0.08,0,28286,5268.000149,1.1,3916,16.91755393,7.68,18,51738.5333,0.016363636,-37.2132
397,1532,2015-3-28,10:16:31,0.27,-1.07,0.34,0,28571,5321.078705,1.1,4029,17.40572646,8.74,21,45749.53144,0.019090909,-37.8724
398,1472,2015-3-28,17:09:04,0.22,-1.14,-0.1,0,30942,5762.655045,1.1,3784,16.34729931,2.18,19,47533.82089,0.017272727,-38.5316
399,1521,2015-3-28,22:29:54,0.28,-1.12,-0.15,0.5,30368,5655.752971,1.1,4056,17.52236945,2.15,22,44061.08686,0.02,-39.1908
400,1503,2015-3-29,2:29:45,0.29,-1.17,-0.17,0,31214,5813.312474,1.1,3719,16.0664921,9.39,30,29991.55758,0.027272727,-39.85
401,1515,2015-3-29,6:02:53,0.3,-1.12,0.12,0,33343,6209.818602,1.1,3719,16.0664921,8.95,30,30063.49738,0.027272727,-40.451
402,1832,2015-3-29,11:58:20,0.22,-1.17,-0.21,0,28245,5260.364287,1.05,3064,13.23681952,2.18,30,23711.15056,0.028571429,-41.052
403,1512,2015-3-29,16:42:19,0.28,-1.21,0.08,0,31631,5890.974783,1.1,3082,13.31458152,2.11,23,32347.67126,0.020909091,-41.653
404,1526,2015-3-29,23:00:32,0.27,-1.19,-0.01,1.2,32740,6097.515551,1.1,4456,19.25041377,5.1,20,53113.21622,0.018181818,-42.254
405,1525,2015-3-30,3:17:13,0.25,-1.21,0.05,0.7,31644,5893.39591,1.1,3486,15.05990629,7.43,21,39817.68581,0.019090909,-42.855
406,1506,2015-3-30,13:47:26,0.25,-1.22,0.17,0.1,29647,5521.473535,1.1,3474,15.00806496,2.11,27,31035.70185,0.024545455,-43.491
407,1494,2015-3-30,16:45:45,0.24,-1.24,0.06,0.2,30984,5770.477148,1.1,3341,14.43349022,2.11,26,31041.97561,0.023636364,-44.127
408,1507,2015-3-30,22:13:44,0.27,-1.21,-0.05,0,30940,5762.282564,1.1,3247,14.0273998,8.45,30,26309.75782,0.027272727,-44.763
409,1508,2015-3-31,2:34:39,0.27,-1.2,0.12,0,32179,5993.034603,1.1,3034,13.1072162,1.97,29,25508.3456,0.026363636,-45.399
410,1456,2015-3-31,6:44:22,0.24,-1.19,-0.07,0,32699,6089.879689,1.1,3321,14.347088,2.04,37,22056.31456,0.033636364,-46.035
411,1571,2015-3-31,18:14:33,0.25,-1.24,-0.03,0,31036,5780.161657,1.1,2603,11.24524844,2.11,29,22000.55618,0.026363636,-43.899
412,1540,2015-4-1,0:31:43,0.28,-1.2,-0.08,0,32445,6042.574589,1.1,3251,14.04468024,2.18,27,29202.33624,0.024545455,-41.763
413,1533,2015-4-1,4:12:10,0.27,-1.16,-0.05,0,31116,5795.060901,1.1,3453,14.91734263,2.04,25,33291.97701,0.022727273,-39.627
414,1470,2015-4-1,20:03:51,0.26,-1.28,0.11,0,27757,5169.478899,1.1,2955,12.76592745,1.86,27,26484.90559,0.024545455,-37.491
415,1531,2015-4-2,16:06:47,0.24,-1.16,0.06,0,28737,5351.994636,1.1,3643,15.73816368,2.07,19,45727.05954,0.017272727,-35.355
416,1556,2015-4-3,0:07:11,0.25,-1.18,0.18,0,29171,5432.823034,1.1,3234,13.97123836,2.15,23,33807.1765,0.020909091,-34.893
417,1522,2015-4-3,5:18:37,0.23,-1.14,0.19,0.5,29230,5443.811227,1.1,3463,14.96054374,2.11,22,37730.78942,0.02,-34.431
418,1500,2015-4-3,11:00:49,0.24,-1.12,-0.14,0,30504,5681.081685,1.1,3218,13.90211659,2.11,19,40565.43581,0.017272727,-33.969
419,1506,2015-4-3,15:28:21,0.27,-1.09,0.08,0.2,30762,5729.131747,1.1,3620,15.63880113,2.15,20,43289.24607,0.018181818,-33.507
420,1495,2015-4-3,18:36:46,0.26,-1.03,-0.14,0,29950,5577.904421,1.1,3462,14.95622363,2.11,26,32093.35676,0.023636364,-33.045
421,1509,2015-4-3,23:36:49,0.26,-1.04,-0.16,0,29084,5416.620107,1.1,2903,12.54128168,2.04,28,25183.85102,0.025454545,-33.564
422,1514,2015-4-4,4:26:40,0.26,-1.04,0.12,0,30828,5741.423623,1.1,2764,11.94078628,2.15,25,26849.07367,0.022727273,-34.083
423,1502,2015-4-4,12:13:17,0.25,-1.11,0.13,0,31126,5796.923306,1.1,3343,14.44213044,2.18,18,44403.82686,0.016363636,-34.602
424,1486,2015-4-4,16:45:40,0.24,-1.13,-0.1,0,32758,6100.867881,1.1,3427,14.80501975,2.04,22,37468.03511,0.02,-35.121
425,1477,2015-4-6,9:47:34,0.28,-1.05,0.14,0,29544,5502.290759,1.1,3178,13.72931216,2.04,25,30671.19197,0.022727273,-35.64
426,261,2015-4-6,18:29:13,0.26,-0.99,-0.17,0,27430,5108.57824,1.1,2898,12.51968113,16.93,26,26944.69473,0.023636364,-34.1785
427,1566,2015-4-6,20:04:16,0.28,-0.98,0.04,0,26917,5013.036838,1.1,3404,14.7056572,2.11,28,29287.25354,0.025454545,-32.717
428,1549,2015-4-6,23:57:19,0.27,-1,0.1,0,27117,5050.284948,1.1,3412,14.74021809,2.15,28,29360.70426,0.025454545,-31.2555
429,1516,2015-4-7,4:37:34,0.25,-0.99,0.14,0,27682,5155.510858,1.1,3738,16.14857421,2.11,28,32097.52078,0.025454545,-29.794
430,1522,2015-4-7,11:04:42,0.25,-0.98,0.1,0,26752,4982.307148,1.1,3855,16.65402717,2.15,27,34231.75379,0.024545455,-28.3325
431,1516,2015-4-7,16:09:00,0.26,-0.91,-0.03,0,27062,5040.041718,1.1,3550,15.33639338,1.97,29,29488.78144,0.026363636,-29.022
432,1529,2015-4-7,23:26:58,0.26,-0.8,-0.14,1.2,26168,4873.542668,1.1,3857,16.6626674,2.11,19,48269.34588,0.017272727,-29.7115
433,1525,2015-4-8,4:57:58,0.28,-0.71,0.2,0.1,26025,4846.910269,1.1,3329,14.38164889,2.11,29,27674.88718,0.026363636,-30.401
434,1545,2015-4-8,22:40:00,0.24,-0.7,0.15,0,25896,4822.885239,1.1,3489,15.07286662,2.04,28,29961.36278,0.025454545,-31.0905
435,1502,2015-4-9,3:19:21,0.24,-0.71,0.18,0,26006,4843.371699,1.1,3483,15.04694595,2.11,27,30990.47901,0.024545455,-31.78
436,1534,2015-4-9,7:13:44,0.24,-0.72,0.22,0,25989,4840.20561,1.1,3433,14.83094041,1.97,31,26728.02997,0.028181818,-31.4925
437,1499,2015-4-9,11:23:52,0.24,-0.75,-0.13,0,26769,4985.473237,1.1,3013,13.01649387,2.18,29,25156.50808,0.026363636,-31.205
438,1536,2015-4-9,14:58:12,0.28,-0.77,0.2,0,27644,5148.433717,1.1,3055,13.19793853,2.11,26,28361.4491,0.023636364,-30.9175
439,1500,2015-4-9,18:55:10,0.24,-0.78,0.11,0,27183,5062.576824,1.1,3222,13.91939703,2.15,29,26852.76158,0.026363636,-30.63
440,1525,2015-4-9,23:48:08,0.24,-0.77,0.09,0,27227,5070.771408,1.1,3106,13.41826418,2.11,29,25920.55145,0.026363636,-30.3425
441,1528,2015-4-10,4:28:42,0.25,-0.74,0.19,0,26297,4897.567698,1.1,3128,13.51330662,1.97,31,24441.84421,0.028181818,-28.971
442,1526,2015-4-10,8:36:57,0.25,-0.68,0.17,0,26858,5002.048646,1.1,3411,14.73589797,2,32,25789.10685,0.029090909,-27.5995
443,1511,2015-4-10,14:25:22,0.26,-0.63,0.15,0,26038,4849.331396,1.1,3272,14.13540257,2.07,26,30255.3762,0.023636364,-26.228
444,1529,2015-4-10,18:38:51,0.24,-0.59,-0.25,0,25390,4728.647521,1.1,3768,16.27817753,2,31,29230.27712,0.028181818,-24.8565
445,1504,2015-4-11,0:19:46,0.28,-0.55,-0.02,0,24747,4608.894849,1.1,3576,15.44871626,2.04,28,30647.82,0.025454545,-23.485
446,1523,2015-4-11,11:15:14,0.26,-0.47,-0.14,0,26109,4862.554475,1.1,3669,15.85048656,8.34,26,33821.98371,0.023636364,-22.54
447,1515,2015-4-11,16:52:18,0.29,-0.46,0,0,25104,4675.382724,1.1,3696,15.96712956,1.97,29,30597.79004,0.026363636,-21.595
448,1368,2015-4-12,13:07:46,0.26,-0.41,0.21,0,24638,4588.594629,1.1,3776,16.31273842,1.93,25,36088.92368,0.022727273,-20.65
449,1643,2015-4-13,18:30:39,0.24,-0.36,0.03,0,27529,5127.016054,1.05,3595,15.53079836,2.11,19,43088.97736,0.018095238,-19.705
450,1529,2015-4-14,2:54:53,0.24,-0.32,-0.03,0,28142,5241.18151,1.1,3335,14.40756955,2.11,19,41923.02466,0.017272727,-18.76
451,1514,2015-4-14,12:10:16,0.25,-0.28,-0.13,1.7,28297,5270.048795,1.1,4221,18.23518773,2.18,22,45741.78861,0.02,-18.808
452,1462,2015-4-15,3:45:06,0.22,-0.21,-0.13,0.4,29032,5406.935598,1.1,3768,16.27817753,2,18,49844.47508,0.016363636,-18.856
453,1554,2015-4-17,10:13:33,0.23,-0.27,0.15,2.9,29369,5469.698663,1.1,3466,14.97350407,7.72,16,51557.91411,0.014545455,-18.904
454,1515,2015-4-18,8:43:31,0.18,-0.28,-0.05,2.7,30368,5655.752971,1.1,3083,13.31890163,2.04,15,49002.60702,0.013636364,-18.952
455,1459,2015-4-19,23:40:28,0.16,-0.28,0.01,2.2,31012,5775.691884,0.71,1824,7.879882118,2,11,26030.85988,0.015492958,-19
456,1509,2015-4-20,16:06:27,0.12,-0.21,0.07,1.4,32149,5987.447387,0.77,1801,7.78051957,2.11,8,37871.06866,0.01038961,-17.79
457,1459,2015-4-21,5:03:52,0.12,-0.16,-0.05,2.3,31729,5909.226357,1.1,2008,8.674782507,2.11,13,37127.20153,0.011818182,-16.58
458,1584,2015-4-21,16:57:17,0.1,-0.11,0.04,2.7,26209,4881.17853,1.1,1925,8.31621331,9.17,13,35450.35449,0.011818182,-15.37
459,1475,2015-4-22,13:32:22,0.08,-0.06,-0.03,0.7,26623,4958.282117,0.7,2442,10.5497106,9.86,10,37173.7273,0.014285714,-14.16
460,1539,2015-4-23,9:41:23,0.11,0.01,0.01,0.4,26816,4994.226543,0.68,3221,13.91507692,8.59,9,52548.99429,0.013235294,-12.95
461,1433,2015-5-5,17:29:34,0.12,0.03,0.07,0.1,20485,3815.137632,0.4,1805,7.797800013,2,10,16013.31424,0.025,-15.144
462,1799,2015-5-6,21:48:04,0.16,0.07,-0.04,2.3,16568,3085.633404,0.25,577,2.492703938,2.11,36,1410.128703,0.144,-17.338
463,1546,2015-5-7,19:42:14,0.12,0.04,0.08,2.8,19506,3632.808135,0.3,898,3.879459508,2.07,30,2564.70646,0.1,-19.532
464,1580,2015-5-7,23:18:15,0.12,-0.17,-0.05,7.8,16389,3052.296346,0.3,1294,5.590223389,10.27,45,2384.403027,0.15,-21.726
465,1521,2015-5-8,5:24:02,0.16,-0.12,-0.04,2,15271,2844.079413,0.3,1018,4.397872805,11.18,49,1838.606449,0.163333333,-23.92
466,1473,2015-5-8,16:08:23,0.15,-0.17,0.01,0.3,12214,2274.742057,0.3,812,3.507929978,1.97,52,1406.809588,0.173333333,-19.75667
467,1517,2015-5-9,6:41:47,0.15,-0.18,0.04,0.5,12326,2295.600998,0.3,687,2.967916127,2.04,48,1327.650978,0.16,-15.59333
468,1519,2015-5-9,18:03:36,0.14,-0.09,0,0.2,14928,2780.198905,0.3,553,2.389021278,2.11,26,1858.447155,0.086666667,-11.43
469,680,2015-5-9,23:44:38,0.08,0.15,-0.14,1.5,11922,2220.359817,0.34,454,1.961330308,2.11,25,1713.080806,0.073529412,-12
